{
  "summary": {
    "inputFileName": "er15_waypoints_sample.csv",
    "duration": 14.349999999999765,
    "samples": 14351,
    "uniformExportDtS": 0.004,
    "uniformExportSamples": 3588,
    "ssMode": "arc",
    "minimaThresholdMode": "mean",
    "minimaIdx": [
      85,
      179,
      598,
      700,
      799,
      811,
      899,
      911
    ],
    "minimaV": [
      1.1710845315799545,
      1.1761467451268992,
      1.0664229337885072,
      1.0164648219634027,
      0.3886978547541134,
      0.6796565980698,
      0.3778035427183579,
      0.6548309427012267
    ],
    "segmentPoints": [
      86,
      180,
      599,
      701,
      800,
      812,
      900,
      912,
      1000
    ],
    "segmentTargets": [
      0.1004485594375486,
      0.21183622287163928,
      0.7463292965736611,
      0.8409327137082415,
      0.9097349367817085,
      0.9164037218236254,
      0.9609894034649356,
      0.9659386586821429,
      1.0
    ],
    "segmentTargetVelocities": [
      0.031059748306098953,
      0.05160078658299305,
      0.10177779161136685,
      0.10177779161136685,
      0.10177779161136685,
      0.10177779161136685,
      0.10177779161136685,
      0.10177779161136685,
      0.10177779161136685
    ],
    "config": {
      "resample_points": 1000,
      "smooth_passes": 60,
      "smooth_blend": 0.49,
      "dt": 0.001,
      "v_max": 0.02,
      "a_max": 0.02,
      "j_max": 0.04,
      "minima_count": null,
      "minima_gap": 12,
      "minima_threshold_mode": "mean",
      "minima_max_value": null,
      "junction_velocity_scale": 0.8
    }
  },
  "algorithm": {
    "name": "fixed_toppra_mvc_ruckig",
    "pipeline": "TOPPRA + MVC + segmented Ruckig"
  },
  "input": {
    "sampleFile": "public/samples/er15_waypoints_sample.csv",
    "waypointCountOriginal": 11,
    "waypointCountPrepared": 1000,
    "config": {
      "resample_points": 1000,
      "smooth_passes": 60,
      "smooth_blend": 0.49,
      "dt": 0.001,
      "v_max": 0.02,
      "a_max": 0.02,
      "j_max": 0.04,
      "minima_count": null,
      "minima_gap": 12,
      "minima_threshold_mode": "mean",
      "minima_max_value": null,
      "junction_velocity_scale": 0.8
    }
  },
  "diagnostics": {
    "tsStep": {
      "min": 0.001,
      "max": 0.001,
      "mean": 0.001
    },
    "uniformStep": {
      "min": 0.004,
      "max": 0.004,
      "mean": 0.004
    },
    "uniformJointRange": [
      {
        "joint": "J1",
        "min": 0.0,
        "max": 0.799792
      },
      {
        "joint": "J2",
        "min": -1.1,
        "max": -0.500139
      },
      {
        "joint": "J3",
        "min": 1.2,
        "max": 1.518774
      },
      {
        "joint": "J4",
        "min": 0.0,
        "max": 0.318774
      },
      {
        "joint": "J5",
        "min": 0.700069,
        "max": 0.9
      },
      {
        "joint": "J6",
        "min": 0.0,
        "max": 0.799792
      }
    ]
  },
  "chartPointCount": {
    "mvc": 501,
    "pathProfile": 496,
    "uniformSamples": 3588
  }
}